observation_date,Total_Retail_Sales
1992-01-01,118651.000
1992-02-01,118480.000
1992-03-01,117700.000
1992-04-01,118156.000
1992-05-01,118548.000
1992-06-01,118542.000
1992-07-01,119044.000
1992-08-01,119176.000
1992-09-01,120057.000
1992-10-01,120413.000
1992-11-01,120340.000
1992-12-01,121648.000
1993-01-01,122625.000
1993-02-01,121414.000
1993-03-01,120241.000
1993-04-01,122913.000
1993-05-01,123735.000
1993-06-01,123463.000
1993-07-01,125082.000
1993-08-01,124798.000
1993-09-01,125361.000
1993-10-01,125607.000
1993-11-01,126539.000
1993-12-01,127409.000
1994-01-01,126550.000
1994-02-01,128203.000
1994-03-01,130237.000
1994-04-01,130190.000
1994-05-01,129443.000
1994-06-01,130581.000
1994-07-01,130555.000
1994-08-01,131653.000
1994-09-01,132461.000
1994-10-01,133582.000
1994-11-01,133332.000
1994-12-01,133712.000
1995-01-01,133936.000
1995-02-01,131477.000
1995-03-01,132438.000
1995-04-01,132432.000
1995-05-01,133456.000
1995-06-01,134843.000
1995-07-01,134286.000
1995-08-01,135069.000
1995-09-01,135210.000
1995-10-01,134317.000
1995-11-01,135761.000
1995-12-01,136712.000
1996-01-01,134906.000
1996-02-01,136779.000
1996-03-01,137550.000
1996-04-01,137525.000
1996-05-01,138299.000
1996-06-01,137886.000
1996-07-01,137791.000
1996-08-01,137632.000
1996-09-01,139034.000
1996-10-01,139735.000
1996-11-01,139233.000
1996-12-01,139529.000
1997-01-01,140201.000
1997-02-01,141153.000
1997-03-01,141528.000
1997-04-01,140472.000
1997-05-01,139418.000
1997-06-01,141109.000
1997-07-01,142583.000
1997-08-01,142605.000
1997-09-01,142873.000
1997-10-01,142313.000
1997-11-01,142511.000
1997-12-01,142881.000
1998-01-01,142955.000
1998-02-01,143015.000
1998-03-01,143878.000
1998-04-01,145491.000
1998-05-01,145803.000
1998-06-01,146788.000
1998-07-01,145472.000
1998-08-01,144663.000
1998-09-01,145902.000
1998-10-01,147986.000
1998-11-01,148867.000
1998-12-01,149957.000
1999-01-01,149889.000
1999-02-01,151500.000
1999-03-01,152104.000
1999-04-01,152186.000
1999-05-01,153455.000
1999-06-01,153885.000
1999-07-01,154443.000
1999-08-01,155733.000
1999-09-01,155731.000
1999-10-01,155751.000
1999-11-01,157343.000
1999-12-01,159871.000
2000-01-01,158325.000
2000-02-01,160012.000
2000-03-01,160931.000
2000-04-01,158599.000
2000-05-01,158525.000
2000-06-01,158782.000
2000-07-01,157863.000
2000-08-01,158030.000
2000-09-01,159878.000
2000-10-01,159245.000
2000-11-01,158455.000
2000-12-01,157956.000
2001-01-01,158789.000
2001-02-01,158394.000
2001-03-01,156985.000
2001-04-01,159188.000
2001-05-01,158768.000
2001-06-01,157795.000
2001-07-01,157556.000
2001-08-01,158632.000
2001-09-01,155016.000
2001-10-01,165845.000
2001-11-01,161753.000
2001-12-01,159924.000
2002-01-01,159543.000
2002-02-01,160143.000
2002-03-01,159250.000
2002-04-01,161089.000
2002-05-01,158747.000
2002-06-01,160007.000
2002-07-01,161325.000
2002-08-01,162133.000
2002-09-01,159519.000
2002-10-01,159810.000
2002-11-01,160597.000
2002-12-01,161687.000
2003-01-01,161691.000
2003-02-01,158588.000
2003-03-01,161134.000
2003-04-01,161354.000
2003-05-01,162061.000
2003-06-01,163641.000
2003-07-01,164805.000
2003-08-01,166834.000
2003-09-01,165280.000
2003-10-01,164851.000
2003-11-01,166771.000
2003-12-01,165718.000
2004-01-01,165998.000
2004-02-01,166788.000
2004-03-01,169381.000
2004-04-01,167296.000
2004-05-01,169481.000
2004-06-01,166733.000
2004-07-01,168455.000
2004-08-01,168592.000
2004-09-01,171006.000
2004-10-01,171247.000
2004-11-01,171015.000
2004-12-01,173122.000
2005-01-01,171553.000
2005-02-01,173090.000
2005-03-01,172750.000
2005-04-01,173765.000
2005-05-01,172790.000
2005-06-01,177593.000
2005-07-01,177822.000
2005-08-01,175067.000
2005-09-01,173016.000
2005-10-01,172826.000
2005-11-01,175328.000
2005-12-01,175369.000
2006-01-01,179293.000
2006-02-01,177887.000
2006-03-01,178100.000
2006-04-01,178088.000
2006-05-01,177200.000
2006-06-01,177343.000
2006-07-01,176937.000
2006-08-01,176983.000
2006-09-01,177002.000
2006-10-01,177544.000
2006-11-01,177854.000
2006-12-01,179089.000
2007-01-01,178736.000
2007-02-01,178237.000
2007-03-01,178850.000
2007-04-01,177844.000
2007-05-01,179408.000
2007-06-01,177651.000
2007-07-01,178039.000
2007-08-01,178824.000
2007-09-01,178794.000
2007-10-01,179401.000
2007-11-01,179696.000
2007-12-01,177019.000
2008-01-01,176853.000
2008-02-01,174826.000
2008-03-01,174630.000
2008-04-01,174146.000
2008-05-01,174731.000
2008-06-01,173112.000
2008-07-01,171238.000
2008-08-01,170234.000
2008-09-01,167550.000
2008-10-01,162654.000
2008-11-01,159205.000
2008-12-01,157093.000
2009-01-01,158979.000
2009-02-01,157766.000
2009-03-01,155179.000
2009-04-01,155777.000
2009-05-01,156911.000
2009-06-01,158240.000
2009-07-01,158582.000
2009-08-01,160908.000
2009-09-01,156817.000
2009-10-01,157801.000
2009-11-01,158527.000
2009-12-01,159226.000
2010-01-01,159109.000
2010-02-01,159625.000
2010-03-01,163034.000
2010-04-01,164423.000
2010-05-01,163033.000
2010-06-01,162876.000
2010-07-01,163068.000
2010-08-01,163640.000
2010-09-01,164767.000
2010-10-01,165990.000
2010-11-01,167220.000
2010-12-01,167472.000
2011-01-01,168195.000
2011-02-01,169025.000
2011-03-01,169730.000
2011-04-01,169723.000
2011-05-01,169132.000
2011-06-01,170515.000
2011-07-01,169904.000
2011-08-01,169761.000
2011-09-01,171122.000
2011-10-01,172041.000
2011-11-01,172292.000
2011-12-01,172335.000
2012-01-01,173647.000
2012-02-01,175354.000
2012-03-01,175543.000
2012-04-01,174633.000
2012-05-01,174615.000
2012-06-01,173090.000
2012-07-01,173958.000
2012-08-01,174970.000
2012-09-01,175510.000
2012-10-01,175089.000
2012-11-01,176168.000
2012-12-01,176879.000
2013-01-01,178014.000
2013-02-01,179183.000
2013-03-01,178282.000
2013-04-01,177748.000
2013-05-01,178732.000
2013-06-01,178773.000
2013-07-01,179691.000
2013-08-01,178867.000
2013-09-01,178922.000
2013-10-01,179499.000
2013-11-01,179704.000
2013-12-01,180196.000
2014-01-01,178184.000
2014-02-01,180434.000
2014-03-01,181956.000
2014-04-01,183385.000
2014-05-01,183385.000
2014-06-01,183609.000
2014-07-01,183727.000
2014-08-01,185124.000
2014-09-01,184719.000
2014-10-01,185428.000
2014-11-01,186228.000
2014-12-01,185686.000
2015-01-01,185900.000
2015-02-01,185154.000
2015-03-01,187363.000
2015-04-01,187586.000
2015-05-01,188268.000
2015-06-01,187978.000
2015-07-01,189151.000
2015-08-01,189126.000
2015-09-01,188846.000
2015-10-01,188106.000
2015-11-01,188653.000
2015-12-01,189661.000
2016-01-01,188354.000
2016-02-01,190613.000
2016-03-01,189384.000
2016-04-01,189272.000
2016-05-01,189605.000
2016-06-01,191085.000
2016-07-01,190743.000
2016-08-01,190673.000
2016-09-01,191454.000
2016-10-01,191366.000
2016-11-01,190969.000
2016-12-01,193121.000
2017-01-01,194317.000
2017-02-01,194036.000
2017-03-01,193644.000
2017-04-01,194165.000
2017-05-01,193344.000
2017-06-01,193992.000
2017-07-01,193920.000
2017-08-01,193547.000
2017-09-01,196499.000
2017-10-01,196605.000
2017-11-01,198105.000
2017-12-01,199081.000
2018-01-01,197492.000
2018-02-01,198214.000
2018-03-01,197742.000
2018-04-01,197759.000
2018-05-01,199646.000
2018-06-01,198758.000
2018-07-01,199980.000
2018-08-01,199605.000
2018-09-01,198430.000
2018-10-01,200095.000
2018-11-01,200779.000
2018-12-01,197321.000
2019-01-01,198560.000
2019-02-01,198723.000
2019-03-01,200396.000
2019-04-01,200016.000
2019-05-01,200875.000
2019-06-01,201164.000
2019-07-01,202685.000
2019-08-01,203435.000
2019-09-01,201778.000
2019-10-01,201908.000
2019-11-01,202404.000
2019-12-01,203631.000
2020-01-01,202590.000
2020-02-01,203150.000
2020-03-01,185986.000
2020-04-01,158936.000
2020-05-01,188739.000
2020-06-01,204144.000
2020-07-01,207562.000
2020-08-01,208194.000
2020-09-01,212234.000
2020-10-01,211216.000
2020-11-01,208900.000
2020-12-01,209971.000
2021-01-01,216756.000
2021-02-01,210489.000
2021-03-01,232367.000
2021-04-01,232706.000
2021-05-01,229239.000
2021-06-01,229751.000
2021-07-01,225150.000
2021-08-01,226423.000
2021-09-01,227139.000
2021-10-01,228106.000
2021-11-01,228758.000
2021-12-01,225248.000
2022-01-01,228065.000
2022-02-01,228626.000
2022-03-01,230972.000
2022-04-01,233147.000
2022-05-01,230314.000
2022-06-01,229055.000
2022-07-01,227527.000
2022-08-01,228724.000
2022-09-01,227147.000
2022-10-01,228791.000
2022-11-01,225529.000
2022-12-01,223131.000
2023-01-01,230924.000
2023-02-01,227691.000
2023-03-01,225123.000
2023-04-01,225749.000
2023-05-01,226388.000
2023-06-01,226508.000
2023-07-01,226726.000
2023-08-01,227426.000
2023-09-01,228422.000
2023-10-01,227323.000
2023-11-01,226289.000
2023-12-01,226674.000
2024-01-01,224062.000
2024-02-01,225364.000
2024-03-01,225480.000
2024-04-01,224487.000
2024-05-01,224918.000
2024-06-01,224299.000
2024-07-01,226699.000
2024-08-01,226032.000
2024-09-01,227532.000
2024-10-01,228287.000
2024-11-01,229130.000
2024-12-01,229952.000
2025-01-01,226052.000
2025-02-01,226005.000
